{
    "metrics": {
        "http_req_sending": {
            "p(95)": 0.756,
            "avg": 0.28288888888888897,
            "min": 0.056,
            "med": 0.107,
            "max": 0.792,
            "p(90)": 0.72
        },
        "http_reqs": {
            "count": 9,
            "rate": 0.35835539243041126,
            "thresholds": {
                "rate>10": true
            }
        },
        "graph_operations_total": {
            "count": 2,
            "rate": 0.0796345316512025
        },
        "iteration_duration": {
            "max": 25113.370792,
            "p(90)": 25113.370792,
            "p(95)": 25113.370792,
            "avg": 25113.370792,
            "min": 25113.370792,
            "med": 25113.370792
        },
        "group_duration": {
            "p(90)": 7174.1964921,
            "p(95)": 8193.808454549999,
            "avg": 3458.3508442499997,
            "min": 992.053917,
            "med": 1813.9645215,
            "max": 9213.420417
        },
        "data_received": {
            "count": 12729,
            "rate": 506.83397669407833
        },
        "vus_max": {
            "value": 1,
            "min": 1,
            "max": 1
        },
        "http_req_blocked": {
            "max": 1570.766,
            "p(90)": 866.0428000000002,
            "p(95)": 1218.4043999999997,
            "avg": 251.18144444444454,
            "min": 0,
            "med": 0.001
        },
        "http_req_receiving": {
            "min": 0.037,
            "med": 0.068,
            "max": 1674.009,
            "p(90)": 1621.2954,
            "p(95)": 1647.6522,
            "avg": 364.72655555555554
        },
        "vus": {
            "value": 1,
            "min": 1,
            "max": 1
        },
        "iterations": {
            "count": 1,
            "rate": 0.03981726582560125
        },
        "checks": {
            "passes": 2,
            "fails": 8,
            "thresholds": {
                "rate>0.95": true
            },
            "value": 0.2
        },
        "data_sent": {
            "count": 3294,
            "rate": 131.15807362953052
        },
        "http_req_duration{expected_response:true}": {
            "min": 8238.903,
            "med": 8238.903,
            "max": 8238.903,
            "p(90)": 8238.903,
            "p(95)": 8238.903,
            "avg": 8238.903
        },
        "http_req_waiting": {
            "max": 6630.084,
            "p(90)": 5774.0352,
            "p(95)": 6202.0596,
            "avg": 2010.296888888889,
            "min": 394.319,
            "med": 1193.013
        },
        "http_req_duration": {
            "avg": 2375.306333333334,
            "min": 394.443,
            "med": 1193.877,
            "max": 8238.903,
            "p(90)": 7435.063800000001,
            "p(95)": 7836.9834,
            "thresholds": {
                "p(99)<5000": true,
                "p(95)<2000": true
            }
        },
        "user_operations_total": {
            "count": 6,
            "rate": 0.2389035949536075
        },
        "api_response_time": {
            "avg": 3458.5,
            "min": 992,
            "med": 1814,
            "max": 9214,
            "p(90)": 7174.6,
            "p(95)": 8194.3
        },
        "http_req_failed": {
            "passes": 8,
            "fails": 1,
            "thresholds": {
                "rate<0.05": true
            },
            "value": 0.8888888888888888
        },
        "http_req_connecting": {
            "max": 674.491,
            "p(90)": 302.1814000000001,
            "p(95)": 488.3361999999998,
            "avg": 98.17722222222223,
            "min": 0,
            "med": 0
        },
        "http_req_tls_handshaking": {
            "p(90)": 402.6208,
            "p(95)": 440.7303999999999,
            "avg": 95.82288888888888,
            "min": 0,
            "med": 0,
            "max": 478.84
        }
    },
    "setup_data": {
        "timestamp": 1758109873200
    },
    "root_group": {
        "checks": {
            "Authentication successful": {
                "name": "Authentication successful",
                "path": "::Authentication successful",
                "id": "3e65b5f5fa01b8945deb8e81c95047bd",
                "passes": 1,
                "fails": 0
            },
            "Auth response has access token": {
                "path": "::Auth response has access token",
                "id": "9447915328ba70160ef0dc7396522b2a",
                "passes": 1,
                "fails": 0,
                "name": "Auth response has access token"
            }
        },
        "name": "",
        "path": "",
        "id": "d41d8cd98f00b204e9800998ecf8427e",
        "groups": {
            "User Authentication & Profile": {
                "id": "ab28eaeecdf53d2317d0468c46a4e9de",
                "groups": {},
                "checks": {
                        "User profile loaded successfully": {
                            "id": "1b2711887179ec9a971184a61b5a06ba",
                            "passes": 0,
                            "fails": 1,
                            "name": "User profile loaded successfully",
                            "path": "::User Authentication & Profile::User profile loaded successfully"
                        },
                        "User credits loaded successfully": {
                            "name": "User credits loaded successfully",
                            "path": "::User Authentication & Profile::User credits loaded successfully",
                            "id": "1d486757f70f33a8b7fcee60a9569952",
                            "passes": 0,
                            "fails": 1
                        },
                        "Onboarding status loaded": {
                            "name": "Onboarding status loaded",
                            "path": "::User Authentication & Profile::Onboarding status loaded",
                            "id": "c3f70c4f338be6c38822742776322ceb",
                            "passes": 0,
                            "fails": 1
                        }
                    },
                "name": "User Authentication & Profile",
                "path": "::User Authentication & Profile"
            },
            "Graph Management": {
                "name": "Graph Management",
                "path": "::Graph Management",
                "id": "a5d4b34a1d8669ece79aa0c7cedc84ab",
                "groups": {},
                "checks": {
                        "Graphs list loaded successfully": {
                            "id": "94150dc6eedd8b9cce6b8a28966f792e",
                            "passes": 0,
                            "fails": 1,
                            "name": "Graphs list loaded successfully",
                            "path": "::Graph Management::Graphs list loaded successfully"
                        },
                        "Graph created successfully": {
                            "path": "::Graph Management::Graph created successfully",
                            "id": "c295cf6d92b30f37147ea7ced1cd82b2",
                            "passes": 0,
                            "fails": 1,
                            "name": "Graph created successfully"
                        }
                    }
            },
            "Block Operations": {
                "name": "Block Operations",
                "path": "::Block Operations",
                "id": "7dee08aa273cd8bcfcb1dc87d1df2c0e",
                "groups": {},
                "checks": {
                        "Blocks list loaded": {
                            "fails": 1,
                            "name": "Blocks list loaded",
                            "path": "::Block Operations::Blocks list loaded",
                            "id": "ed6bae6b0d75ba0a96e40770d6b0ac1b",
                            "passes": 0
                        }
                    }
            },